Who region,CFR
Africa,1.690110853462425
Americas,3.8773719958829256
Eastern Mediterranean,2.5718030728280645
Europe,6.399228009624422
South-East Asia,2.252986846270658
Western Pacific,2.820865307015744
